{"lr": 4.9549098196392745e-05, "data_time": 0.1456376600265503, "loss": 0.002185987906996161, "loss_kpt": 0.002185987906996161, "acc_pose": 0.13669160194344934, "time": 5.606800112724304, "epoch": 1, "iter": 50, "step": 50}
{"lr": 9.959919839679347e-05, "data_time": 0.12423844814300537, "loss": 0.0019838076550513506, "loss_kpt": 0.0019838076550513506, "acc_pose": 0.2221186170417544, "time": 5.57988133430481, "epoch": 1, "iter": 100, "step": 100}
{"lr": 0.00014964929859719427, "data_time": 0.1475445508956909, "loss": 0.00181144243106246, "loss_kpt": 0.00181144243106246, "acc_pose": 0.31359693965115903, "time": 5.653855195045471, "epoch": 1, "iter": 150, "step": 150}
{"lr": 0.00019969939879759517, "data_time": 0.13088164806365968, "loss": 0.0017258600005879998, "loss_kpt": 0.0017258600005879998, "acc_pose": 0.3578405454992523, "time": 5.6042011976242065, "epoch": 1, "iter": 200, "step": 200}
{"lr": 0.00024974949899799593, "data_time": 0.1316044521331787, "loss": 0.0016680518328212202, "loss_kpt": 0.0016680518328212202, "acc_pose": 0.3925180306550254, "time": 5.666710906028747, "epoch": 1, "iter": 250, "step": 250}
{"lr": 0.0002997995991983969, "data_time": 0.13729297161102294, "loss": 0.0016528325527906417, "loss_kpt": 0.0016528325527906417, "acc_pose": 0.3922763819053857, "time": 5.719502959251404, "epoch": 1, "iter": 300, "step": 300}
{"lr": 0.00034984969939879794, "data_time": 0.15570882797241212, "loss": 0.0016180727444589137, "loss_kpt": 0.0016180727444589137, "acc_pose": 0.39412379309714435, "time": 5.694762411117554, "epoch": 1, "iter": 350, "step": 350}
{"lr": 0.0003998997995991991, "data_time": 0.1314193820953369, "loss": 0.0015773019497282803, "loss_kpt": 0.0015773019497282803, "acc_pose": 0.39363069693434183, "time": 5.692771663665772, "epoch": 1, "iter": 400, "step": 400}
{"lr": 0.00044994989979960033, "data_time": 0.1304834508895874, "loss": 0.0015488204709254204, "loss_kpt": 0.0015488204709254204, "acc_pose": 0.38201476086478414, "time": 5.663720593452454, "epoch": 1, "iter": 450, "step": 450}
{"lr": 0.0005000000000000014, "data_time": 0.17305680751800537, "loss": 0.0015441007120534777, "loss_kpt": 0.0015441007120534777, "acc_pose": 0.4556809863443336, "time": 5.662382764816284, "epoch": 1, "iter": 500, "step": 500}
{"lr": 0.0005000000000000014, "data_time": 0.13294962406158448, "loss": 0.0015451596141792833, "loss_kpt": 0.0015451596141792833, "acc_pose": 0.4131084973149908, "time": 5.7079283714294435, "epoch": 1, "iter": 550, "step": 550}
{"lr": 0.0005000000000000014, "data_time": 0.1353139591217041, "loss": 0.0015300535573624075, "loss_kpt": 0.0015300535573624075, "acc_pose": 0.40809303164610744, "time": 5.69288733959198, "epoch": 1, "iter": 600, "step": 600}
{"lr": 0.0005000000000000014, "data_time": 0.12803329944610595, "loss": 0.0014895982923917473, "loss_kpt": 0.0014895982923917473, "acc_pose": 0.42182205644869986, "time": 5.733916172981262, "epoch": 1, "iter": 650, "step": 650}
{"lr": 0.0005000000000000014, "data_time": 0.14630731105804443, "loss": 0.0014659010991454125, "loss_kpt": 0.0014659010991454125, "acc_pose": 0.4682546536134255, "time": 5.659572944641114, "epoch": 1, "iter": 700, "step": 700}
{"lr": 0.0005000000000000014, "data_time": 0.12931918621063232, "loss": 0.00147687925491482, "loss_kpt": 0.00147687925491482, "acc_pose": 0.47318264135623295, "time": 5.680789766311645, "epoch": 1, "iter": 750, "step": 750}
{"lr": 0.0005000000000000014, "data_time": 0.12782410621643067, "loss": 0.0014551992109045385, "loss_kpt": 0.0014551992109045385, "acc_pose": 0.4639396232258295, "time": 5.662728137969971, "epoch": 1, "iter": 800, "step": 800}
{"lr": 0.0005000000000000014, "data_time": 0.1461424398422241, "loss": 0.0014300963981077074, "loss_kpt": 0.0014300963981077074, "acc_pose": 0.4613575242455316, "time": 5.651627082824707, "epoch": 1, "iter": 850, "step": 850}
{"lr": 0.0005000000000000014, "data_time": 0.12985451221466066, "loss": 0.0014030780689790845, "loss_kpt": 0.0014030780689790845, "acc_pose": 0.5005698361377339, "time": 5.600922183990479, "epoch": 1, "iter": 900, "step": 900}
{"lr": 0.0005000000000000014, "data_time": 0.1314885997772217, "loss": 0.0014014846924692392, "loss_kpt": 0.0014014846924692392, "acc_pose": 0.49885309825574947, "time": 5.556153106689453, "epoch": 1, "iter": 950, "step": 950}
{"lr": 0.0005000000000000014, "data_time": 0.12445357322692871, "loss": 0.0014043932710774243, "loss_kpt": 0.0014043932710774243, "acc_pose": 0.46086564848846157, "time": 5.566898584365845, "epoch": 1, "iter": 1000, "step": 1000}
{"lr": 0.0005000000000000014, "data_time": 0.14327212333679198, "loss": 0.0013845706777647138, "loss_kpt": 0.0013845706777647138, "acc_pose": 0.47070661742106135, "time": 5.637695651054383, "epoch": 1, "iter": 1050, "step": 1050}
{"lr": 0.0005000000000000014, "data_time": 0.12851306438446045, "loss": 0.001380456928163767, "loss_kpt": 0.001380456928163767, "acc_pose": 0.5197853418493836, "time": 5.5773618078231815, "epoch": 1, "iter": 1100, "step": 1100}
{"lr": 0.0005000000000000014, "data_time": 0.14481690406799316, "loss": 0.0013506187428720296, "loss_kpt": 0.0013506187428720296, "acc_pose": 0.5115013556631889, "time": 5.582312717437744, "epoch": 1, "iter": 1150, "step": 1150}
{"lr": 0.0005000000000000014, "data_time": 0.12384395599365235, "loss": 0.0013638048013672232, "loss_kpt": 0.0013638048013672232, "acc_pose": 0.542502246688036, "time": 5.589768824577331, "epoch": 1, "iter": 1200, "step": 1200}
{"lr": 0.0005000000000000014, "data_time": 0.14031753540039063, "loss": 0.0013350369082763792, "loss_kpt": 0.0013350369082763792, "acc_pose": 0.48054488635112735, "time": 5.6246918153762815, "epoch": 1, "iter": 1250, "step": 1250}
{"lr": 0.0005000000000000014, "data_time": 0.1287935495376587, "loss": 0.0013490532198920846, "loss_kpt": 0.0013490532198920846, "acc_pose": 0.5465023511626912, "time": 5.526195392608643, "epoch": 1, "iter": 1300, "step": 1300}
{"lr": 0.0005000000000000014, "data_time": 0.14459751605987547, "loss": 0.0013630763278342783, "loss_kpt": 0.0013630763278342783, "acc_pose": 0.5616297786363487, "time": 5.655798859596253, "epoch": 1, "iter": 1350, "step": 1350}
{"lr": 0.0005000000000000014, "data_time": 0.15098244190216065, "loss": 0.0013255893206223846, "loss_kpt": 0.0013255893206223846, "acc_pose": 0.508298268058249, "time": 5.548996801376343, "epoch": 1, "iter": 1400, "step": 1400}
{"lr": 0.0005000000000000014, "data_time": 0.13708568572998048, "loss": 0.0013117531780153513, "loss_kpt": 0.0013117531780153513, "acc_pose": 0.5009903646473636, "time": 5.649026870727539, "epoch": 1, "iter": 1450, "step": 1450}
{"lr": 0.0005000000000000014, "data_time": 0.13415157794952393, "loss": 0.0013116499548777938, "loss_kpt": 0.0013116499548777938, "acc_pose": 0.5788047355574555, "time": 5.5859450674057, "epoch": 1, "iter": 1500, "step": 1500}
{"lr": 0.0005000000000000014, "data_time": 0.13671449661254884, "loss": 0.001316510762553662, "loss_kpt": 0.001316510762553662, "acc_pose": 0.5738805725328241, "time": 5.683069667816162, "epoch": 1, "iter": 1550, "step": 1550}
{"lr": 0.0005000000000000014, "data_time": 0.15282803535461426, "loss": 0.001313446476124227, "loss_kpt": 0.001313446476124227, "acc_pose": 0.5327564500204561, "time": 5.61540454864502, "epoch": 1, "iter": 1600, "step": 1600}
{"lr": 0.0005000000000000014, "data_time": 0.13579700469970704, "loss": 0.0013275773730129004, "loss_kpt": 0.0013275773730129004, "acc_pose": 0.529831357335967, "time": 5.63907748222351, "epoch": 1, "iter": 1650, "step": 1650}
{"lr": 0.0005000000000000014, "data_time": 0.13393681049346923, "loss": 0.0012866037245839834, "loss_kpt": 0.0012866037245839834, "acc_pose": 0.5729890302267501, "time": 5.695813732147217, "epoch": 1, "iter": 1700, "step": 1700}
{"lr": 0.0005000000000000014, "data_time": 0.13264964103698731, "loss": 0.0013327912706881761, "loss_kpt": 0.0013327912706881761, "acc_pose": 0.5153299905388344, "time": 5.586716136932373, "epoch": 1, "iter": 1750, "step": 1750}
{"lr": 0.0005000000000000014,