{"coco/AP": 0.7558501658157301, "coco/AP .5": 0.9079751230066095, "coco/AP .75": 0.8260346279116759, "coco/AP (M)": 0.7225570356575824, "coco/AP (L)": 0.8200158469686346, "coco/AR": 0.8085012594458438, "coco/AR .5": 0.9450566750629723, "coco/AR .75": 0.8690176322418136, "coco/AR (M)": 0.7669489210598198, "coco/AR (L)": 0.8688219992567818, "data_time": 0.024153353175870758, "time": 4.929617098232098}