{"lr": 4.9549098196392745e-05, "data_time": 0.14040480613708495, "loss": 0.0021802723640576005, "loss_kpt": 0.0021802723640576005, "acc_pose": 0.1327205879812192, "time": 4.82400538444519, "epoch": 1, "iter": 50, "step": 50}
{"lr": 9.959919839679347e-05, "data_time": 0.12789922714233398, "loss": 0.001973339340183884, "loss_kpt": 0.001973339340183884, "acc_pose": 0.21168085020032915, "time": 4.600960402488709, "epoch": 1, "iter": 100, "step": 100}
{"lr": 0.00014964929859719427, "data_time": 0.1266070556640625, "loss": 0.0018548671482130886, "loss_kpt": 0.0018548671482130886, "acc_pose": 0.2413152040669063, "time": 4.54936514377594, "epoch": 1, "iter": 150, "step": 150}
{"lr": 0.00019969939879759517, "data_time": 0.14963812351226807, "loss": 0.001729110984597355, "loss_kpt": 0.001729110984597355, "acc_pose": 0.3456998224348301, "time": 4.583016924858093, "epoch": 1, "iter": 200, "step": 200}
{"lr": 0.00024974949899799593, "data_time": 0.1312006187438965, "loss": 0.0016524633252993227, "loss_kpt": 0.0016524633252993227, "acc_pose": 0.3685319936327709, "time": 4.573831391334534, "epoch": 1, "iter": 250, "step": 250}
{"lr": 0.0002997995991983969, "data_time": 0.13103662967681884, "loss": 0.0016431578900665046, "loss_kpt": 0.0016431578900665046, "acc_pose": 0.4182602804070438, "time": 4.561464042663574, "epoch": 1, "iter": 300, "step": 300}
{"lr": 0.00034984969939879794, "data_time": 0.12943120956420898, "loss": 0.0016193467844277621, "loss_kpt": 0.0016193467844277621, "acc_pose": 0.41790824454317343, "time": 4.608262677192688, "epoch": 1, "iter": 350, "step": 350}
{"lr": 0.0003998997995991991, "data_time": 0.12935565471649169, "loss": 0.0015960625954903663, "loss_kpt": 0.0015960625954903663, "acc_pose": 0.39527452240413685, "time": 4.597526793479919, "epoch": 1, "iter": 400, "step": 400}
{"lr": 0.00044994989979960033, "data_time": 0.12789186000823974, "loss": 0.001577423312701285, "loss_kpt": 0.001577423312701285, "acc_pose": 0.4758280193390211, "time": 4.597481050491333, "epoch": 1, "iter": 450, "step": 450}
{"lr": 0.0005000000000000014, "data_time": 0.13019583225250245, "loss": 0.0015742658893577754, "loss_kpt": 0.0015742658893577754, "acc_pose": 0.43954299166937977, "time": 4.58372884273529, "epoch": 1, "iter": 500, "step": 500}
{"lr": 0.0005000000000000014, "data_time": 0.12697269439697265, "loss": 0.0015178843564353883, "loss_kpt": 0.0015178843564353883, "acc_pose": 0.3999216579577384, "time": 4.560783443450927, "epoch": 1, "iter": 550, "step": 550}
{"lr": 0.0005000000000000014, "data_time": 0.13222239494323731, "loss": 0.0015240476420149208, "loss_kpt": 0.0015240476420149208, "acc_pose": 0.42578714599727213, "time": 4.589080786705017, "epoch": 1, "iter": 600, "step": 600}
{"lr": 0.0005000000000000014, "data_time": 0.14752878189086915, "loss": 0.0015182659006677567, "loss_kpt": 0.0015182659006677567, "acc_pose": 0.5063957452653994, "time": 4.60764639377594, "epoch": 1, "iter": 650, "step": 650}
{"lr": 0.0005000000000000014, "data_time": 0.13487376213073732, "loss": 0.0014988292241469026, "loss_kpt": 0.0014988292241469026, "acc_pose": 0.4370262141958202, "time": 4.644699263572693, "epoch": 1, "iter": 700, "step": 700}
{"lr": 0.0005000000000000014, "data_time": 0.13096971511840821, "loss": 0.0014401702512986958, "loss_kpt": 0.0014401702512986958, "acc_pose": 0.5096016680149671, "time": 4.596975102424621, "epoch": 1, "iter": 750, "step": 750}
{"lr": 0.0005000000000000014, "data_time": 0.12602031707763672, "loss": 0.0014449897524900735, "loss_kpt": 0.0014449897524900735, "acc_pose": 0.4450642766739457, "time": 4.588917813301086, "epoch": 1, "iter": 800, "step": 800}
{"lr": 0.0005000000000000014, "data_time": 0.12821218490600586, "loss": 0.0014331717998720705, "loss_kpt": 0.0014331717998720705, "acc_pose": 0.48018839915697054, "time": 4.675230507850647, "epoch": 1, "iter": 850, "step": 850}
{"lr": 0.0005000000000000014, "data_time": 0.13173265457153321, "loss": 0.0014401883049868047, "loss_kpt": 0.0014401883049868047, "acc_pose": 0.504516189284506, "time": 4.663484997749329, "epoch": 1, "iter": 900, "step": 900}
{"lr": 0.0005000000000000014, "data_time": 0.13127410888671875, "loss": 0.0014218274829909206, "loss_kpt": 0.0014218274829909206, "acc_pose": 0.5035972301923117, "time": 4.609927821159363, "epoch": 1, "iter": 950, "step": 950}
{"lr": 0.0005000000000000014, "data_time": 0.1309034490585327, "loss": 0.0014185043144971131, "loss_kpt": 0.0014185043144971131, "acc_pose": 0.5070637530552667, "time": 4.57589430809021, "epoch": 1, "iter": 1000, "step": 1000}
{"lr": 0.0005000000000000014, "data_time": 0.1276344871520996, "loss": 0.0013744913414120675, "loss_kpt": 0.0013744913414120675, "acc_pose": 0.4951223077248309, "time": 4.586625823974609, "epoch": 1, "iter": 1050, "step": 1050}
