{"lr": 4.9549098196392745e-05, "data_time": 0.14660801887512206, "loss": 0.00218174152309075, "loss_kpt": 0.00218174152309075, "acc_pose": 0.1294888530644783, "time": 5.192830290794372, "epoch": 1, "iter": 50, "step": 50}
{"lr": 9.959919839679347e-05, "data_time": 0.132327561378479, "loss": 0.001979775398503989, "loss_kpt": 0.001979775398503989, "acc_pose": 0.19843420230327494, "time": 5.1099834060668945, "epoch": 1, "iter": 100, "step": 100}
{"lr": 0.00014964929859719427, "data_time": 0.13109703063964845, "loss": 0.0018051546672359108, "loss_kpt": 0.0018051546672359108, "acc_pose": 0.26530461832814944, "time": 5.0910325574874875, "epoch": 1, "iter": 150, "step": 150}
{"lr": 0.00019969939879759517, "data_time": 0.1528381109237671, "loss": 0.0017479307111352683, "loss_kpt": 0.0017479307111352683, "acc_pose": 0.3331437981598014, "time": 5.108672280311584, "epoch": 1, "iter": 200, "step": 200}
{"lr": 0.00024974949899799593, "data_time": 0.13896261692047118, "loss": 0.0016640472412109376, "loss_kpt": 0.0016640472412109376, "acc_pose": 0.3919501517857564, "time": 5.151322798728943, "epoch": 1, "iter": 250, "step": 250}
{"lr": 0.0002997995991983969, "data_time": 0.13406394481658934, "loss": 0.0016479849559254945, "loss_kpt": 0.0016479849559254945, "acc_pose": 0.32276292527924966, "time": 5.1231375360488896, "epoch": 1, "iter": 300, "step": 300}
{"lr": 0.00034984969939879794, "data_time": 0.1322996759414673, "loss": 0.0016142516164109112, "loss_kpt": 0.0016142516164109112, "acc_pose": 0.345131653867434, "time": 5.123491721153259, "epoch": 1, "iter": 350, "step": 350}
{"lr": 0.0003998997995991991, "data_time": 0.13149410247802734, "loss": 0.0015821475302800537, "loss_kpt": 0.0015821475302800537, "acc_pose": 0.437362544012024, "time": 5.119031929969788, "epoch": 1, "iter": 400, "step": 400}
{"lr": 0.00044994989979960033, "data_time": 0.13495026111602784, "loss": 0.0015566344768740237, "loss_kpt": 0.0015566344768740237, "acc_pose": 0.3834806326136214, "time": 5.124520115852356, "epoch": 1, "iter": 450, "step": 450}
{"lr": 0.0005000000000000014, "data_time": 0.13928161144256593, "loss": 0.001546531622298062, "loss_kpt": 0.001546531622298062, "acc_pose": 0.40411742859159583, "time": 5.140531907081604, "epoch": 1, "iter": 500, "step": 500}
{"lr": 0.0005000000000000014, "data_time": 0.1550389051437378, "loss": 0.0015303945820778608, "loss_kpt": 0.0015303945820778608, "acc_pose": 0.5066580126311114, "time": 5.167099089622497, "epoch": 1, "iter": 550, "step": 550}
{"lr": 0.0005000000000000014, "data_time": 0.13785657405853272, "loss": 0.0015110533754341304, "loss_kpt": 0.0015110533754341304, "acc_pose": 0.4140738995581147, "time": 5.203625183105469, "epoch": 1, "iter": 600, "step": 600}
{"lr": 0.0005000000000000014, "data_time": 0.15691076278686522, "loss": 0.0014935915684327484, "loss_kpt": 0.0014935915684327484, "acc_pose": 0.48112821229286645, "time": 5.1896204042434695, "epoch": 1, "iter": 650, "step": 650}
{"lr": 0.0005000000000000014, "data_time": 0.14476638317108154, "loss": 0.0014612079900689424, "loss_kpt": 0.0014612079900689424, "acc_pose": 0.4808725731159034, "time": 5.177567067146302, "epoch": 1, "iter": 700, "step": 700}
{"lr": 0.0005000000000000014, "data_time": 0.13755378723144532, "loss": 0.0014615805819630622, "loss_kpt": 0.0014615805819630622, "acc_pose": 0.4736098297842424, "time": 5.198791317939758, "epoch": 1, "iter": 750, "step": 750}
{"lr": 0.0005000000000000014, "data_time": 0.13578551292419433, "loss": 0.0014318522554822267, "loss_kpt": 0.0014318522554822267, "acc_pose": 0.4634711663948126, "time": 5.213333106040954, "epoch": 1, "iter": 800, "step": 800}
{"lr": 0.0005000000000000014, "data_time": 0.13681019306182862, "loss": 0.0014266098337247968, "loss_kpt": 0.0014266098337247968, "acc_pose": 0.4702898385248129, "time": 5.177207374572754, "epoch": 1, "iter": 850, "step": 850}
{"lr": 0.0005000000000000014, "data_time": 0.13617379665374757, "loss": 0.0014276922354474664, "loss_kpt": 0.0014276922354474664, "acc_pose": 0.48572257932065455, "time": 5.17417730808258, "epoch": 1, "iter": 900, "step": 900}
{"lr": 0.0005000000000000014, "data_time": 0.1392046642303467, "loss": 0.001411631281953305, "loss_kpt": 0.001411631281953305, "acc_pose": 0.4730064745731674, "time": 5.2898309564590456, "epoch": 1, "iter": 950, "step": 950}
{"lr": 0.0005000000000000014, "data_time": 0.14118245601654053, "loss": 0.001386829090770334, "loss_kpt": 0.001386829090770334, "acc_pose": 0.5851750037805321, "time": 5.249126372337341, "epoch": 1, "iter": 1000, "step": 1000}
{"lr": 0.0005000000000000014, "data_time": 0.1370859956741333, "loss": 0.0014078563079237937, "loss_kpt": 0.0014078563079237937, "acc_pose": 0.4422719256249478, "time": 5.146533432006836, "epoch": 1, "iter": 1050, "step": 1050}
{"lr": 0.0005000000000000014, "data_time": 0.15333301067352295, "loss": 0.001367056299932301, "loss_kpt": 0.001367056299932301, "acc_pose": 0.5146431705626624, "time": 5.163140544891357, "epoch": 1, "iter": 1100, "step": 1100}
{"lr": 0.0005000000000000014, "data_time": 0.13136381149291992, "loss": 0.0013686410570517183, "loss_kpt": 0.0013686410570517183, "acc_pose": 0.5451147413406803, "time": 5.1546537303924564, "epoch": 1, "iter": 1150, "step": 1150}
{"lr": 0.0005000000000000014, "data_time": 0.1360402774810791, "loss": 0.0013701492245309056, "loss_kpt": 0.0013701492245309056, "acc_pose": 0.5459026140761091, "time": 5.159142479896546, "epoch": 1, "iter": 1200, "step": 1200}
{"lr": 0.0005000000000000014, "data_time": 0.13383907794952393, "loss": 0.0013652085233479738, "loss_kpt": 0.0013652085233479738, "acc_pose": 0.5736061103856356, "time": 5.209476742744446, "epoch": 1, "iter": 1250, "step": 1250}
{"lr": 0.0005000000000000014, "data_time": 0.13397377490997314, "loss": 0.001364855570718646, "loss_kpt": 0.001364855570718646, "acc_pose": 0.5481581586967066, "time": 5.19802608013153, "epoch": 1, "iter": 1300, "step": 1300}
{"lr": 0.0005000000000000014, "data_time": 0.17659260749816894, "loss": 0.0013172378414310515, "loss_kpt": 0.0013172378414310515, "acc_pose": 0.5677675374570983, "time": 5.347664041519165, "epoch": 1, "iter": 1350, "step": 1350}
{"lr": 0.0005000000000000014, "data_time": 0.13974393844604494, "loss": 0.0013172298180870712, "loss_kpt": 0.0013172298180870712, "acc_pose": 0.6124217342587295, "time": 5.238683013916016, "epoch": 1, "iter": 1400, "step": 1400}
{"lr": 0.0005000000000000014, "data_time": 0.13402749538421632, "loss": 0.0013269573077559472, "loss_kpt": 0.0013269573077559472, "acc_pose": 0.5638812502947398, "time": 5.2647504806518555, "epoch": 1, "iter": 1450, "step": 1450}
{"lr": 0.0005000000000000014, "data_time": 0.1339962339401245, "loss": 0.001306700175628066, "loss_kpt": 0.001306700175628066, "acc_pose": 0.5690088023330633, "time": 5.174135365486145, "epoch": 1, "iter": 1500, "step": 1500}
{"lr": 0.0005000000000000014, "data_time": 0.1558733081817627, "loss": 0.0013159360922873021, "loss_kpt": 0.0013159360922873021, "acc_pose": 0.6129781395189183, "time": 5.232749433517456, "epoch": 1, "iter": 1550, "step": 1550}
{"lr": 0.0005000000000000014, "data_time": 0.13792455673217774, "loss": 0.001307050723116845, "loss_kpt": 0.001307050723116845, "acc_pose": 0.519950029772608, "time": 5.200001382827759, "epoch": 1, "iter": 1600, "step": 1600}
